global_step,episode,episode_return,episode_length,policy_loss,value_loss,entropy,kl,eval_return
11,0,11.0,11,,,,,
23,1,12.0,12,,,,,
40,2,17.0,17,,,,,
64,3,24.0,24,,,,,
82,4,18.0,18,,,,,
100,5,18.0,18,,,,,
125,6,25.0,25,,,,,
141,7,16.0,16,,,,,
150,8,9.0,9,,,,,
165,9,15.0,15,,,,,
179,10,14.0,14,,,,,
198,11,19.0,19,,,,,
215,12,17.0,17,,,,,
256,13,41.0,41,,,,,
291,14,35.0,35,,,,,
304,15,13.0,13,,,,,
346,16,42.0,42,,,,,
446,17,100.0,100,,,,,
463,18,17.0,17,,,,,
480,19,17.0,17,,,,,
515,20,35.0,35,,,,,
583,21,68.0,68,,,,,
616,22,33.0,33,,,,,
637,23,21.0,21,,,,,
663,24,26.0,26,,,,,
694,25,31.0,31,,,,,
712,26,18.0,18,,,,,
736,27,24.0,24,,,,,
758,28,22.0,22,,,,,
770,29,12.0,12,,,,,
783,30,13.0,13,,,,,
811,31,28.0,28,,,,,
845,32,34.0,34,,,,,
867,33,22.0,22,,,,,
912,34,45.0,45,,,,,
933,35,21.0,21,,,,,
947,36,14.0,14,,,,,
968,37,21.0,21,,,,,
984,38,16.0,16,,,,,
1000,39,16.0,16,,,,,
1016,40,16.0,16,,,,,
1040,41,24.0,24,,,,,
1056,42,16.0,16,,,,,
1076,43,20.0,20,,,,,
1095,44,19.0,19,,,,,
1112,45,17.0,17,,,,,
1133,46,21.0,21,,,,,
1178,47,45.0,45,,,,,
1200,48,22.0,22,,,,,
1228,49,28.0,28,,,,,
1255,50,27.0,27,,,,,
1269,51,14.0,14,,,,,
1285,52,16.0,16,,,,,
1312,53,27.0,27,,,,,
1326,54,14.0,14,,,,,
1349,55,23.0,23,,,,,
1365,56,16.0,16,,,,,
1377,57,12.0,12,,,,,
1405,58,28.0,28,,,,,
1424,59,19.0,19,,,,,
1437,60,13.0,13,,,,,
1468,61,31.0,31,,,,,
1509,62,41.0,41,,,,,
1539,63,30.0,30,,,,,
1549,64,10.0,10,,,,,
1566,65,17.0,17,,,,,
1612,66,46.0,46,,,,,
1649,67,37.0,37,,,,,
1675,68,26.0,26,,,,,
1700,69,25.0,25,,,,,
1721,70,21.0,21,,,,,
1747,71,26.0,26,,,,,
1766,72,19.0,19,,,,,
1781,73,15.0,15,,,,,
1794,74,13.0,13,,,,,
1811,75,17.0,17,,,,,
1821,76,10.0,10,,,,,
1838,77,17.0,17,,,,,
1876,78,38.0,38,,,,,
1887,79,11.0,11,,,,,
1902,80,15.0,15,,,,,
1914,81,12.0,12,,,,,
1959,82,45.0,45,,,,,
1986,83,27.0,27,,,,,
2002,84,16.0,16,,,,,
2012,85,10.0,10,,,,,
2044,86,32.0,32,,,,,
2048,87,,,-0.013063751845038496,46.26819512844086,0.679751954227686,0.00655038228904097,
2079,87,35.0,35,,,,,
2098,88,19.0,19,,,,,
2137,89,39.0,39,,,,,
2182,90,45.0,45,,,,,
2205,91,23.0,23,,,,,
2222,92,17.0,17,,,,,
2244,93,22.0,22,,,,,
2272,94,28.0,28,,,,,
2312,95,40.0,40,,,,,
2358,96,46.0,46,,,,,
2377,97,19.0,19,,,,,
2416,98,39.0,39,,,,,
2432,99,16.0,16,,,,,
2470,100,38.0,38,,,,,
2487,101,17.0,17,,,,,
2526,102,39.0,39,,,,,
2553,103,27.0,27,,,,,
2567,104,14.0,14,,,,,
2595,105,28.0,28,,,,,
2637,106,42.0,42,,,,,
2657,107,20.0,20,,,,,
2761,108,104.0,104,,,,,
2774,109,13.0,13,,,,,
2790,110,16.0,16,,,,,
2813,111,23.0,23,,,,,
2825,112,12.0,12,,,,,
2866,113,41.0,41,,,,,
2898,114,32.0,32,,,,,
2932,115,34.0,34,,,,,
2967,116,35.0,35,,,,,
2987,117,20.0,20,,,,,
3035,118,48.0,48,,,,,
3044,119,9.0,9,,,,,
3059,120,15.0,15,,,,,
3093,121,34.0,34,,,,,
3110,122,17.0,17,,,,,
3126,123,16.0,16,,,,,
3166,124,40.0,40,,,,,
3183,125,17.0,17,,,,,
3231,126,48.0,48,,,,,
3257,127,26.0,26,,,,,
3288,128,31.0,31,,,,,
3305,129,17.0,17,,,,,
3347,130,42.0,42,,,,,
3368,131,21.0,21,,,,,
3380,132,12.0,12,,,,,
3432,133,52.0,52,,,,,
3452,134,20.0,20,,,,,
3498,135,46.0,46,,,,,
3516,136,18.0,18,,,,,
3566,137,50.0,50,,,,,
3606,138,40.0,40,,,,,
3646,139,40.0,40,,,,,
3662,140,16.0,16,,,,,
3685,141,23.0,23,,,,,
3700,142,15.0,15,,,,,
3747,143,47.0,47,,,,,
3778,144,31.0,31,,,,,
3795,145,17.0,17,,,,,
3810,146,15.0,15,,,,,
3836,147,26.0,26,,,,,
3907,148,71.0,71,,,,,
3923,149,16.0,16,,,,,
3945,150,22.0,22,,,,,
3958,151,13.0,13,,,,,
4010,152,52.0,52,,,,,
4022,153,12.0,12,,,,,
4039,154,17.0,17,,,,,
4061,155,22.0,22,,,,,
4080,156,19.0,19,,,,,
4096,157,,,-0.014163763055694289,54.138588225841524,0.6630238892510534,0.00570961586741419,
4111,157,31.0,31,,,,,
4191,158,80.0,80,,,,,
4213,159,22.0,22,,,,,
4230,160,17.0,17,,,,,
4256,161,26.0,26,,,,,
4286,162,30.0,30,,,,,
4334,163,48.0,48,,,,,
4377,164,43.0,43,,,,,
4433,165,56.0,56,,,,,
4473,166,40.0,40,,,,,
4512,167,39.0,39,,,,,
4558,168,46.0,46,,,,,
4578,169,20.0,20,,,,,
4595,170,17.0,17,,,,,
4691,171,96.0,96,,,,,
4753,172,62.0,62,,,,,
4786,173,33.0,33,,,,,
4849,174,63.0,63,,,,,
4872,175,23.0,23,,,,,
4894,176,22.0,22,,,,,
4938,177,44.0,44,,,,,
4973,178,35.0,35,,,,,
5016,179,43.0,43,,,,,
5033,180,17.0,17,,,,,
5065,181,32.0,32,,,,,
5173,182,108.0,108,,,,,
5198,183,25.0,25,,,,,
5328,184,130.0,130,,,,,
5534,185,206.0,206,,,,,
5570,186,36.0,36,,,,,
5590,187,20.0,20,,,,,
5675,188,85.0,85,,,,,
5718,189,43.0,43,,,,,
5741,190,23.0,23,,,,,
5770,191,29.0,29,,,,,
5795,192,25.0,25,,,,,
5850,193,55.0,55,,,,,
5877,194,27.0,27,,,,,
5920,195,43.0,43,,,,,
5979,196,59.0,59,,,,,
6009,197,30.0,30,,,,,
6055,198,46.0,46,,,,,
6117,199,62.0,62,,,,,
6144,200,,,-0.015610167372506112,75.22833349704743,0.6467952331528067,0.005921541289635006,
6179,200,62.0,62,,,,,
6213,201,34.0,34,,,,,
6327,202,114.0,114,,,,,
6346,203,19.0,19,,,,,
6444,204,98.0,98,,,,,
6531,205,87.0,87,,,,,
6580,206,49.0,49,,,,,
6636,207,56.0,56,,,,,
6719,208,83.0,83,,,,,
6737,209,18.0,18,,,,,
6786,210,49.0,49,,,,,
6883,211,97.0,97,,,,,
7005,212,122.0,122,,,,,
7030,213,25.0,25,,,,,
7079,214,49.0,49,,,,,
7128,215,49.0,49,,,,,
7170,216,42.0,42,,,,,
7270,217,100.0,100,,,,,
7362,218,92.0,92,,,,,
7443,219,81.0,81,,,,,
7538,220,95.0,95,,,,,
7565,221,27.0,27,,,,,
7597,222,32.0,32,,,,,
7654,223,57.0,57,,,,,
7672,224,18.0,18,,,,,
7695,225,23.0,23,,,,,
7712,226,17.0,17,,,,,
7760,227,48.0,48,,,,,
7791,228,31.0,31,,,,,
7860,229,69.0,69,,,,,
7893,230,33.0,33,,,,,
7935,231,42.0,42,,,,,
7984,232,49.0,49,,,,,
8083,233,99.0,99,,,,,
8112,234,29.0,29,,,,,
8192,235,,,-0.012750948595930822,81.67971875667573,0.6227804910391569,0.004701547617389681,
8213,235,101.0,101,,,,,
8273,236,60.0,60,,,,,
8403,237,130.0,130,,,,,
8453,238,50.0,50,,,,,
8607,239,154.0,154,,,,,
8676,240,69.0,69,,,,,
8808,241,132.0,132,,,,,
8842,242,34.0,34,,,,,
8940,243,98.0,98,,,,,
9010,244,70.0,70,,,,,
9178,245,168.0,168,,,,,
9212,246,34.0,34,,,,,
9345,247,133.0,133,,,,,
9463,248,118.0,118,,,,,
9505,249,42.0,42,,,,,
9663,250,158.0,158,,,,,
9833,251,170.0,170,,,,,
9933,252,100.0,100,,,,,
10004,253,71.0,71,,,,,
10139,254,135.0,135,,,,,
10240,255,,,-0.010187483631307259,100.25490534305573,0.6211612557992339,0.004435227271993374,392.8
10274,255,135.0,135,,,,,
10363,256,89.0,89,,,,,
10605,257,242.0,242,,,,,
10769,258,164.0,164,,,,,
10812,259,43.0,43,,,,,
10942,260,130.0,130,,,,,
11072,261,130.0,130,,,,,
11247,262,175.0,175,,,,,
11377,263,130.0,130,,,,,
11516,264,139.0,139,,,,,
11696,265,180.0,180,,,,,
11870,266,174.0,174,,,,,
12085,267,215.0,215,,,,,
12256,268,171.0,171,,,,,
12288,269,,,-0.006336449438822456,108.3020476102829,0.6123999483883381,0.003951338020132774,
12495,269,239.0,239,,,,,
12676,270,181.0,181,,,,,
12778,271,102.0,102,,,,,
13004,272,226.0,226,,,,,
13133,273,129.0,129,,,,,
13378,274,245.0,245,,,,,
13584,275,206.0,206,,,,,
13734,276,150.0,150,,,,,
13861,277,127.0,127,,,,,
13978,278,117.0,117,,,,,
14086,279,108.0,108,,,,,
14258,280,172.0,172,,,,,
14336,281,,,-0.012503205484244972,109.6830950498581,0.5905817143619061,0.005090475079219923,
14400,281,142.0,142,,,,,
14573,282,173.0,173,,,,,
14857,283,284.0,284,,,,,
15205,284,348.0,348,,,,,
15705,285,500.0,500,,,,,
15802,286,97.0,97,,,,,
16031,287,229.0,229,,,,,
16187,288,156.0,156,,,,,
16341,289,154.0,154,,,,,
16384,290,,,-0.005610933195566758,114.14606921672821,0.5761356161907315,0.003086951752720788,
16474,290,133.0,133,,,,,
16655,291,181.0,181,,,,,
16896,292,241.0,241,,,,,
17087,293,191.0,191,,,,,
17321,294,234.0,234,,,,,
17593,295,272.0,272,,,,,
17854,296,261.0,261,,,,,
18007,297,153.0,153,,,,,
18427,298,420.0,420,,,,,
18432,299,,,-0.004935445857699961,114.18811724185943,0.5850331239402294,0.0035642530029463227,
18637,299,210.0,210,,,,,
18886,300,249.0,249,,,,,
19263,301,377.0,377,,,,,
19634,302,371.0,371,,,,,
19912,303,278.0,278,,,,,
20113,304,201.0,201,,,,,
20281,305,168.0,168,,,,,
20480,306,,,-0.003766337090928573,115.34736759662628,0.5703554445877671,0.004824431120027851,434.0
20649,306,368.0,368,,,,,
20995,307,346.0,346,,,,,
21105,308,110.0,110,,,,,
21467,309,362.0,362,,,,,
21808,310,341.0,341,,,,,
22007,311,199.0,199,,,,,
22365,312,358.0,358,,,,,
22528,313,,,-0.0012954431032994762,114.54225962162018,0.5646230205893517,0.003410630433706535,
22566,313,201.0,201,,,,,
23066,314,500.0,500,,,,,
23439,315,373.0,373,,,,,
23666,316,227.0,227,,,,,
24166,317,500.0,500,,,,,
24576,318,,,-0.005494850585819222,117.39105978012086,0.5691030111163855,0.004231882525009221,
24666,318,500.0,500,,,,,
24803,319,137.0,137,,,,,
25212,320,409.0,409,,,,,
25712,321,500.0,500,,,,,
26212,322,500.0,500,,,,,
26556,323,344.0,344,,,,,
26624,324,,,-0.005132807494373992,114.1488089799881,0.567286236025393,0.0037426561774367524,
27056,324,500.0,500,,,,,
27114,325,58.0,58,,,,,
27375,326,261.0,261,,,,,
27653,327,278.0,278,,,,,
28082,328,429.0,429,,,,,
28582,329,500.0,500,,,,,
28672,330,,,-0.006464943682658486,113.7753347158432,0.5504914117977023,0.005000880711185129,
28749,330,167.0,167,,,,,
29215,331,466.0,466,,,,,
29715,332,500.0,500,,,,,
30185,333,470.0,470,,,,,
30615,334,430.0,430,,,,,
30720,335,,,-0.0013191577338147909,114.30819211006164,0.578322272002697,0.0027974150548440062,500.0
31115,335,500.0,500,,,,,
31533,336,418.0,418,,,,,
32033,337,500.0,500,,,,,
32285,338,252.0,252,,,,,
32519,339,234.0,234,,,,,
32768,340,,,-0.002388612591312267,113.7304254770279,0.5841572714969516,0.003133459223347763,
32956,340,437.0,437,,,,,
33456,341,500.0,500,,,,,
33879,342,423.0,423,,,,,
34078,343,199.0,199,,,,,
34578,344,500.0,500,,,,,
34816,345,,,-0.003674955457972828,113.18655896186829,0.56955461576581,0.0044739696017558174,
35078,345,500.0,500,,,,,
35578,346,500.0,500,,,,,
36078,347,500.0,500,,,,,
36578,348,500.0,500,,,,,
36864,349,,,-0.00035332851111888883,113.5654720544815,0.5746575653553009,0.004870857769952873,
37078,349,500.0,500,,,,,
37578,350,500.0,500,,,,,
38078,351,500.0,500,,,,,
38233,352,155.0,155,,,,,
38733,353,500.0,500,,,,,
38912,354,,,-0.002497083542402834,111.17253251075745,0.5712216721847654,0.003222267004587929,
39186,354,453.0,453,,,,,
39302,355,116.0,116,,,,,
39584,356,282.0,282,,,,,
40084,357,500.0,500,,,,,
40390,358,306.0,306,,,,,
40660,359,270.0,270,,,,,
40960,360,,,-0.0047505239315796645,108.51154963970184,0.5615627121180296,0.004373140182286059,500.0
41160,360,500.0,500,,,,,
41392,361,232.0,232,,,,,
41614,362,222.0,222,,,,,
42114,363,500.0,500,,,,,
42462,364,348.0,348,,,,,
42745,365,283.0,283,,,,,
43008,366,,,-0.00010404971544630826,107.9345866203308,0.5826639791950583,0.0036608533955757292,
43245,366,500.0,500,,,,,
43409,367,164.0,164,,,,,
43712,368,303.0,303,,,,,
44011,369,299.0,299,,,,,
44200,370,189.0,189,,,,,
44388,371,188.0,188,,,,,
44612,372,224.0,224,,,,,
44859,373,247.0,247,,,,,
45056,374,,,-0.003862578989355825,103.99146649837493,0.5712703216820956,0.0040818527003125505,
45110,374,251.0,251,,,,,
45284,375,174.0,174,,,,,
45578,376,294.0,294,,,,,
45822,377,244.0,244,,,,,
46322,378,500.0,500,,,,,
46545,379,223.0,223,,,,,
46724,380,179.0,179,,,,,
46978,381,254.0,254,,,,,
47104,382,,,-0.003794577662483789,103.23724303245544,0.5779437407851219,0.004054918740803278,
47246,382,268.0,268,,,,,
47355,383,109.0,109,,,,,
47548,384,193.0,193,,,,,
47758,385,210.0,210,,,,,
47962,386,204.0,204,,,,,
48381,387,419.0,419,,,,,
48837,388,456.0,456,,,,,
49006,389,169.0,169,,,,,
49152,390,,,-0.002830920199630782,101.63379020690918,0.5647240001708269,0.004560367868953116,
49269,390,263.0,263,,,,,
49532,391,263.0,263,,,,,
49686,392,154.0,154,,,,,
49821,393,135.0,135,,,,,
50010,394,189.0,189,,,,,
50197,395,187.0,187,,,,,
50418,396,221.0,221,,,,,
50550,397,132.0,132,,,,,
50793,398,243.0,243,,,,,
50931,399,138.0,138,,,,,
51143,400,212.0,212,,,,,
51200,401,,,-0.00278188580123242,94.56182897090912,0.5820176292210817,0.0028265311043966855,190.6
51278,401,135.0,135,,,,,
51353,402,75.0,75,,,,,
51527,403,174.0,174,,,,,
51681,404,154.0,154,,,,,
51850,405,169.0,169,,,,,
52020,406,170.0,170,,,,,
52176,407,156.0,156,,,,,
52342,408,166.0,166,,,,,
52516,409,174.0,174,,,,,
52713,410,197.0,197,,,,,
52855,411,142.0,142,,,,,
53047,412,192.0,192,,,,,
53212,413,165.0,165,,,,,
53248,414,,,-0.002402432120288722,88.39505462646484,0.5807911977171898,0.002871883188361766,
53414,414,202.0,202,,,,,
53631,415,217.0,217,,,,,
53785,416,154.0,154,,,,,
53990,417,205.0,205,,,,,
54199,418,209.0,209,,,,,
54370,419,171.0,171,,,,,
54580,420,210.0,210,,,,,
54789,421,209.0,209,,,,,
55040,422,251.0,251,,,,,
55296,423,,,-0.0018316915375180542,94.0786848783493,0.5872383072972298,0.00539883125074071,
55384,423,344.0,344,,,,,
55577,424,193.0,193,,,,,
55748,425,171.0,171,,,,,
55970,426,222.0,222,,,,,
56126,427,156.0,156,,,,,
56382,428,256.0,256,,,,,
56567,429,185.0,185,,,,,
56834,430,267.0,267,,,,,
57108,431,274.0,274,,,,,
57344,432,,,-0.001328486599959433,91.16835944652557,0.5796369092538953,0.003249059786050186,
57436,432,328.0,328,,,,,
57537,433,101.0,101,,,,,
57768,434,231.0,231,,,,,
58239,435,471.0,471,,,,,
58519,436,280.0,280,,,,,
58950,437,431.0,431,,,,,
59276,438,326.0,326,,,,,
59392,439,,,-0.005015531092067249,93.88563008308411,0.5892233500257135,0.005580648558174068,
59515,439,239.0,239,,,,,
59696,440,181.0,181,,,,,
59907,441,211.0,211,,,,,
60069,442,162.0,162,,,,,
60328,443,259.0,259,,,,,
60717,444,389.0,389,,,,,
60915,445,198.0,198,,,,,
61295,446,380.0,380,,,,,
61440,447,,,-0.006702673778636381,88.82829010486603,0.5907764622941614,0.003751571381411636,500.0
61795,447,500.0,500,,,,,
61950,448,155.0,155,,,,,
62310,449,360.0,360,,,,,
62810,450,500.0,500,,,,,
63310,451,500.0,500,,,,,
63468,452,158.0,158,,,,,
63488,453,,,-0.0025540171016473325,91.17396178245545,0.5761613195762039,0.0032502664122944294,
63545,453,77.0,77,,,,,
63799,454,254.0,254,,,,,
64070,455,271.0,271,,,,,
64570,456,500.0,500,,,,,
65059,457,489.0,489,,,,,
65263,458,204.0,204,,,,,
65536,459,,,-0.0029348320967983454,91.21035690307617,0.572131603769958,0.004424006236556729,
65763,459,500.0,500,,,,,
66263,460,500.0,500,,,,,
66692,461,429.0,429,,,,,
66965,462,273.0,273,,,,,
67465,463,500.0,500,,,,,
67584,464,,,-0.0012361831031739712,91.86817111968995,0.5890146533027292,0.0023055371886887017,
67688,464,223.0,223,,,,,
67904,465,216.0,216,,,,,
68282,466,378.0,378,,,,,
68782,467,500.0,500,,,,,
69282,468,500.0,500,,,,,
69632,469,,,-0.004069104438531213,91.51151564121247,0.5819157775491476,0.0053549969301823225,
69782,469,500.0,500,,,,,
69922,470,140.0,140,,,,,
70422,471,500.0,500,,,,,
70834,472,412.0,412,,,,,
71334,473,500.0,500,,,,,
71680,474,,,-0.001910803977807518,91.40466673374176,0.5814347406849265,0.0032526361883924515,425.6
71834,474,500.0,500,,,,,
72030,475,196.0,196,,,,,
72196,476,166.0,166,,,,,
72696,477,500.0,500,,,,,
72970,478,274.0,274,,,,,
73470,479,500.0,500,,,,,
73728,480,,,-0.0037955835257889705,87.7449280500412,0.5838234964758158,0.0034948229790089267,
73759,480,289.0,289,,,,,
73934,481,175.0,175,,,,,
74116,482,182.0,182,,,,,
74386,483,270.0,270,,,,,
74546,484,160.0,160,,,,,
74676,485,130.0,130,,,,,
74892,486,216.0,216,,,,,
75238,487,346.0,346,,,,,
75531,488,293.0,293,,,,,
75776,489,,,-0.0006160448712762446,81.85717804431916,0.586842836253345,0.0013698461372556067,
75810,489,279.0,279,,,,,
76310,490,500.0,500,,,,,
76519,491,209.0,209,,,,,
76702,492,183.0,183,,,,,
77153,493,451.0,451,,,,,
77343,494,190.0,190,,,,,
77553,495,210.0,210,,,,,
77824,496,,,-0.0030809307238087056,85.15888888835907,0.5727820683270692,0.0062887767409641636,
78053,496,500.0,500,,,,,
78553,497,500.0,500,,,,,
79053,498,500.0,500,,,,,
79553,499,500.0,500,,,,,
79807,500,254.0,254,,,,,
79872,501,,,-0.001539637372479774,88.3515210390091,0.5747298259288073,0.004525602823164128,
80307,501,500.0,500,,,,,
80542,502,235.0,235,,,,,
81042,503,500.0,500,,,,,
81542,504,500.0,500,,,,,
81920,505,,,-0.0009890104032820092,88.3710860967636,0.5724175866693259,0.003361279990701868,500.0
82042,505,500.0,500,,,,,
82542,506,500.0,500,,,,,
82966,507,424.0,424,,,,,
83356,508,390.0,390,,,,,
83856,509,500.0,500,,,,,
83968,510,,,-0.0033562705182703214,86.46351428031922,0.57874212320894,0.002823810634376412,
84271,510,415.0,415,,,,,
84771,511,500.0,500,,,,,
85271,512,500.0,500,,,,,
85771,513,500.0,500,,,,,
86016,514,,,-0.0012951828975928947,87.86711504459382,0.5880810594186187,0.003364670534679716,
86271,514,500.0,500,,,,,
86771,515,500.0,500,,,,,
87107,516,336.0,336,,,,,
87607,517,500.0,500,,,,,
88064,518,,,-0.0001832541427575052,86.82148611545563,0.5846819218248129,0.0026088716569916113,
88107,518,500.0,500,,,,,
88607,519,500.0,500,,,,,
89107,520,500.0,500,,,,,
89607,521,500.0,500,,,,,
90107,522,500.0,500,,,,,
90112,523,,,-0.0010656655445927753,87.54710969924926,0.5881436564028263,0.0026875979003030273,500.0
90439,523,332.0,332,,,,,
90919,524,480.0,480,,,,,
91419,525,500.0,500,,,,,
91614,526,195.0,195,,,,,
91946,527,332.0,332,,,,,
92160,528,,,-0.007897662176401355,84.03387928009033,0.5918168425559998,0.006525270575000188,
92442,528,496.0,496,,,,,
92723,529,281.0,281,,,,,
93065,530,342.0,342,,,,,
93265,531,200.0,200,,,,,
93439,532,174.0,174,,,,,
93586,533,147.0,147,,,,,
93830,534,244.0,244,,,,,
94048,535,218.0,218,,,,,
94208,536,,,-0.002515065562329255,78.15125246047974,0.5979400454089046,0.004180101935166656,
94252,536,204.0,204,,,,,
94587,537,335.0,335,,,,,
94826,538,239.0,239,,,,,
94987,539,161.0,161,,,,,
95160,540,173.0,173,,,,,
95653,541,493.0,493,,,,,
95872,542,219.0,219,,,,,
96212,543,340.0,340,,,,,
96256,544,,,-0.009242672237451188,76.78541769981385,0.6105845641344786,0.003745430270635464,
96475,544,263.0,263,,,,,
96901,545,426.0,426,,,,,
96972,546,71.0,71,,,,,
97157,547,185.0,185,,,,,
97287,548,130.0,130,,,,,
97525,549,238.0,238,,,,,
97658,550,133.0,133,,,,,
97828,551,170.0,170,,,,,
98032,552,204.0,204,,,,,
98252,553,220.0,220,,,,,
98304,554,,,-0.008944842891651206,71.85037306547164,0.5971414864063262,0.006844801278761292,
98465,554,213.0,213,,,,,
98835,555,370.0,370,,,,,
99099,556,264.0,264,,,,,
99599,557,500.0,500,,,,,
100099,558,500.0,500,,,,,
100352,559,,,-0.0013212551828473806,78.83985426425934,0.5872093902900815,0.005114254291211763,500.0
100357,559,258.0,258,,,,,
100625,560,268.0,268,,,,,
101125,561,500.0,500,,,,,
101625,562,500.0,500,,,,,
102125,563,500.0,500,,,,,
102400,564,,,-0.004162493915646337,80.8993512392044,0.5829079777002335,0.0050473895277008424,
102625,564,500.0,500,,,,,
103125,565,500.0,500,,,,,
103600,566,475.0,475,,,,,
104100,567,500.0,500,,,,,
104448,568,,,-0.0032787027797894553,80.7634908914566,0.5660648804157973,0.005409311955601488,
104600,568,500.0,500,,,,,
105073,569,473.0,473,,,,,
105495,570,422.0,422,,,,,
105995,571,500.0,500,,,,,
106495,572,500.0,500,,,,,
106496,573,,,-0.0009689641126897186,79.35518181324005,0.5794722445309162,0.003846344325887696,
106995,573,500.0,500,,,,,
107495,574,500.0,500,,,,,
107995,575,500.0,500,,,,,
108495,576,500.0,500,,,,,
108544,577,,,-0.0005260757840005681,80.16493344306946,0.5682505717501044,0.0032807260847139545,
108995,577,500.0,500,,,,,
109362,578,367.0,367,,,,,
109862,579,500.0,500,,,,,
110362,580,500.0,500,,,,,
110592,581,,,-0.004380968942132313,79.47963213920593,0.5564981224015355,0.0025976367224768036,500.0
110862,581,500.0,500,,,,,
111009,582,147.0,147,,,,,
111509,583,500.0,500,,,,,
112009,584,500.0,500,,,,,
112509,585,500.0,500,,,,,
112640,586,,,-0.0014151482901070267,77.8276879787445,0.5654286269098521,0.004799710654822329,
112917,586,408.0,408,,,,,
113417,587,500.0,500,,,,,
113917,588,500.0,500,,,,,
114126,589,209.0,209,,,,,
114626,590,500.0,500,,,,,
114688,591,,,-0.0012968943614396268,76.74333901405335,0.5629663361236453,0.004012103350243034,
115017,591,391.0,391,,,,,
115517,592,500.0,500,,,,,
116017,593,500.0,500,,,,,
116517,594,500.0,500,,,,,
116736,595,,,-0.005214901524595916,78.50899465084076,0.5652784975245595,0.006840669083385384,
117017,595,500.0,500,,,,,
117517,596,500.0,500,,,,,
118017,597,500.0,500,,,,,
118517,598,500.0,500,,,,,
118784,599,,,-0.0022350531769916417,77.89936237335205,0.563835191167891,0.004281692620020305,
118820,599,303.0,303,,,,,
119320,600,500.0,500,,,,,
119820,601,500.0,500,,,,,
120320,602,500.0,500,,,,,
120820,603,500.0,500,,,,,
120832,604,,,-0.0017236480955034495,77.29274649620056,0.5601768245920539,0.003829937513883418,500.0
121320,604,500.0,500,,,,,
121820,605,500.0,500,,,,,
122320,606,500.0,500,,,,,
122820,607,500.0,500,,,,,
122880,608,,,-0.0009265694359783083,77.06317298412323,0.5641242587938905,0.003614722809335559,
123320,608,500.0,500,,,,,
123369,609,49.0,49,,,,,
123869,610,500.0,500,,,,,
124369,611,500.0,500,,,,,
124869,612,500.0,500,,,,,
124928,613,,,-0.006847144360654056,75.92492082118989,0.5616654258221387,0.00686134953828318,
125369,613,500.0,500,,,,,
125869,614,500.0,500,,,,,
126369,615,500.0,500,,,,,
126869,616,500.0,500,,,,,
126976,617,,,-0.0033246441860683264,76.30477275848389,0.5506351299583911,0.006397118411041643,
127369,617,500.0,500,,,,,
127869,618,500.0,500,,,,,
128369,619,500.0,500,,,,,
128869,620,500.0,500,,,,,
129024,621,,,-0.0024562527163652704,76.01103014945984,0.5660142393782734,0.0058207442125336765,
129369,621,500.0,500,,,,,
129735,622,366.0,366,,,,,
130235,623,500.0,500,,,,,
130609,624,374.0,374,,,,,
131072,625,,,-0.006525200657779351,76.24264144897461,0.566242746822536,0.004960017723626481,500.0
131109,625,500.0,500,,,,,
131609,626,500.0,500,,,,,
131896,627,287.0,287,,,,,
132396,628,500.0,500,,,,,
132896,629,500.0,500,,,,,
133120,630,,,-0.0007248046982567758,74.11743714809418,0.5694580554962159,0.0019860403233082145,
133396,630,500.0,500,,,,,
133896,631,500.0,500,,,,,
134396,632,500.0,500,,,,,
134585,633,189.0,189,,,,,
135085,634,500.0,500,,,,,
135168,635,,,-0.0040242718736408275,73.21985640525818,0.5664801022037864,0.003740740557087477,
135585,635,500.0,500,,,,,
136085,636,500.0,500,,,,,
136585,637,500.0,500,,,,,
137085,638,500.0,500,,,,,
137216,639,,,-0.0005297888623317703,74.68456580638886,0.5677392406389117,0.0021342940342414522,
137585,639,500.0,500,,,,,
138085,640,500.0,500,,,,,
138585,641,500.0,500,,,,,
138980,642,395.0,395,,,,,
139264,643,,,4.089859139639884e-05,73.54699652194977,0.5576109452173114,0.003110010937064103,
139480,643,500.0,500,,,,,
139980,644,500.0,500,,,,,
140147,645,167.0,167,,,,,
140647,646,500.0,500,,,,,
140920,647,273.0,273,,,,,
141312,648,,,-0.0015040087222587318,72.07974404096603,0.562984961271286,0.0023848624421624843,500.0
141420,648,500.0,500,,,,,
141920,649,500.0,500,,,,,
142420,650,500.0,500,,,,,
142920,651,500.0,500,,,,,
143126,652,206.0,206,,,,,
143360,653,,,-0.0023951971728820355,72.13265407085419,0.5643484689295292,0.004030611550854267,
143626,653,500.0,500,,,,,
144126,654,500.0,500,,,,,
144626,655,500.0,500,,,,,
145126,656,500.0,500,,,,,
145408,657,,,-0.0012418135534971952,73.0335081577301,0.5622003726661206,0.0034846833698143564,
145626,657,500.0,500,,,,,
146094,658,468.0,468,,,,,
146594,659,500.0,500,,,,,
147094,660,500.0,500,,,,,
147456,661,,,-0.00498216156847775,72.31984856128693,0.5573829328641295,0.006343418839162868,
147594,661,500.0,500,,,,,
148016,662,422.0,422,,,,,
148333,663,317.0,317,,,,,
148493,664,160.0,160,,,,,
148993,665,500.0,500,,,,,
149493,666,500.0,500,,,,,
149504,667,,,-0.003000245455768891,68.94978585243226,0.5626235231757164,0.0038972240440124186,
149993,667,500.0,500,,,,,
150223,668,230.0,230,,,,,
150615,669,392.0,392,,,,,
151115,670,500.0,500,,,,,
151435,671,320.0,320,,,,,
151552,672,,,0.0006084698427002877,67.41008449792862,0.5781797133386135,0.001524470019737132,500.0
151935,672,500.0,500,,,,,
152435,673,500.0,500,,,,,
152935,674,500.0,500,,,,,
153435,675,500.0,500,,,,,
153600,676,,,-0.00011971824569627643,71.19438064098358,0.5707458466291427,0.0015167262402116174,
153795,676,360.0,360,,,,,
154111,677,316.0,316,,,,,
154611,678,500.0,500,,,,,
155111,679,500.0,500,,,,,
155354,680,243.0,243,,,,,
155648,681,,,-0.004273127802298405,67.440749335289,0.5706220673397183,0.005459307603010203,
155854,681,500.0,500,,,,,
155909,682,55.0,55,,,,,
156409,683,500.0,500,,,,,
156795,684,386.0,386,,,,,
157295,685,500.0,500,,,,,
157696,686,,,-0.002919858059613034,69.63068243265153,0.5608474995940924,0.0032423156639719676,
157795,686,500.0,500,,,,,
158295,687,500.0,500,,,,,
158795,688,500.0,500,,,,,
159295,689,500.0,500,,,,,
159744,690,,,-0.00030234353034757077,70.03290265798569,0.5528842797502875,0.0021970675067478932,
159795,690,500.0,500,,,,,
160295,691,500.0,500,,,,,
160795,692,500.0,500,,,,,
161295,693,500.0,500,,,,,
161792,694,,,-0.003798299841582775,69.90849243402481,0.5625296847894787,0.0051568749735175015,500.0
161795,694,500.0,500,,,,,
162295,695,500.0,500,,,,,
162795,696,500.0,500,,,,,
163295,697,500.0,500,,,,,
163795,698,500.0,500,,,,,
163840,699,,,-0.00014206263585947454,69.85341773033142,0.5721717569977045,0.0021880268996142273,
164293,699,498.0,498,,,,,
164793,700,500.0,500,,,,,
165293,701,500.0,500,,,,,
165793,702,500.0,500,,,,,
165888,703,,,-0.0007196760911028832,69.12614427804947,0.5704788610339164,0.0027903366643386254,
166293,703,500.0,500,,,,,
166793,704,500.0,500,,,,,
167293,705,500.0,500,,,,,
167793,706,500.0,500,,,,,
167936,707,,,-0.0038988080574199556,68.13166525363923,0.5758694609627127,0.0059883876239553175,
168194,707,401.0,401,,,,,
168642,708,448.0,448,,,,,
168866,709,224.0,224,,,,,
169172,710,306.0,306,,,,,
169336,711,164.0,164,,,,,
169513,712,177.0,177,,,,,
169536,713,23.0,23,,,,,
169835,714,299.0,299,,,,,
169984,715,,,-0.0049002554063918066,62.22097437381744,0.5731417940929532,0.006449013070038495,
170335,715,500.0,500,,,,,
170835,716,500.0,500,,,,,
171335,717,500.0,500,,,,,
171835,718,500.0,500,,,,,
172032,719,,,-0.001252629459486343,68.19319369792939,0.569592465274036,0.0043491331706732835,500.0
172335,719,500.0,500,,,,,
172585,720,250.0,250,,,,,
172848,721,263.0,263,,,,,
173348,722,500.0,500,,,,,
173695,723,347.0,347,,,,,
173841,724,146.0,146,,,,,
174080,725,,,-0.0027742385660531,63.50311667919159,0.5736354757100344,0.004422113738728773,
174341,725,500.0,500,,,,,
174841,726,500.0,500,,,,,
175341,727,500.0,500,,,,,
175841,728,500.0,500,,,,,
176128,729,,,-0.0003970651305280626,67.47037464380264,0.571513133868575,0.002879751355155251,
176341,729,500.0,500,,,,,
176841,730,500.0,500,,,,,
177341,731,500.0,500,,,,,
177841,732,500.0,500,,,,,
178176,733,,,-0.0004870365257374942,67.02355875968934,0.56755447126925,0.004384069694401677,
178341,733,500.0,500,,,,,
178841,734,500.0,500,,,,,
179341,735,500.0,500,,,,,
179841,736,500.0,500,,,,,
180224,737,,,-0.0007708633231231943,66.83437254428864,0.5692171055823565,0.004362435560690883,500.0
180341,737,500.0,500,,,,,
180748,738,407.0,407,,,,,
181248,739,500.0,500,,,,,
181748,740,500.0,500,,,,,
182248,741,500.0,500,,,,,
182272,742,,,-0.0014897159300744534,67.86595720052719,0.5632868574932217,0.002899021161934471,
182748,742,500.0,500,,,,,
183248,743,500.0,500,,,,,
183748,744,500.0,500,,,,,
184248,745,500.0,500,,,,,
184320,746,,,-0.0001184097956866026,66.82499297857285,0.5728369286283851,0.001950257410970848,
184748,746,500.0,500,,,,,
185248,747,500.0,500,,,,,
185748,748,500.0,500,,,,,
186248,749,500.0,500,,,,,
186368,750,,,-0.0034668340755160897,66.3593282699585,0.5567922104150057,0.005371160449729491,
186748,750,500.0,500,,,,,
187248,751,500.0,500,,,,,
187748,752,500.0,500,,,,,
188248,753,500.0,500,,,,,
188416,754,,,-0.0004211107938317582,66.06896455287934,0.5762708434835077,0.0028243506037640203,
188748,754,500.0,500,,,,,
189248,755,500.0,500,,,,,
189748,756,500.0,500,,,,,
190248,757,500.0,500,,,,,
190464,758,,,-0.0030429094971623273,66.50288389921188,0.571376951597631,0.00599861260683029,500.0
190748,758,500.0,500,,,,,
191248,759,500.0,500,,,,,
191748,760,500.0,500,,,,,
191894,761,146.0,146,,,,,
192088,762,194.0,194,,,,,
192464,763,376.0,376,,,,,
192512,764,,,-0.005069341606576927,62.86855096817017,0.5584507022053004,0.0029096759844250853,
192621,764,157.0,157,,,,,
192799,765,178.0,178,,,,,
193299,766,500.0,500,,,,,
193719,767,420.0,420,,,,,
194219,768,500.0,500,,,,,
194560,769,,,-0.0011928216466913,63.23582394123078,0.5632425194606185,0.0030003340835250657,
194712,769,493.0,493,,,,,
195212,770,500.0,500,,,,,
195712,771,500.0,500,,,,,
196212,772,500.0,500,,,,,
196608,773,,,-0.0019484087621094658,65.60110845565796,0.5546551050618291,0.0041454551698450505,
196712,773,500.0,500,,,,,
196976,774,264.0,264,,,,,
197465,775,489.0,489,,,,,
197798,776,333.0,333,,,,,
198298,777,500.0,500,,,,,
198656,778,,,-0.0018018592498265206,61.78076829910278,0.5583506304770708,0.002754949649147439,
198798,778,500.0,500,,,,,
199298,779,500.0,500,,,,,
199798,780,500.0,500,,,,,
200213,781,415.0,415,,,,,
200704,782,,,-0.0024755511520197617,66.42846525907517,0.5585556702688337,0.005718248903364311,284.0
